Bundesland,Kreis,03-22-2020,03-23-2020,03-24-2020,03-25-2020,03-26-2020,03-27-2020,03-28-2020,03-29-2020,03-30-2020,03-31-2020,04-01-2020,04-02-2020,04-03-2020,04-04-2020,04-05-2020,04-06-2020,04-07-2020,04-08-2020,04-09-2020,04-10-2020,04-11-2020,04-12-2020,04-13-2020,04-14-2020,04-15-2020,04-16-2020,04-17-2020,04-18-2020,04-19-2020,04-20-2020
Schleswig-Holstein,SK Flensburg,0,0,0,0,0,0,0,0,0,0,0,0,0,0,1,1,1,1,1,1,1,1,1,1,1,1,1,1,1,2
Schleswig-Holstein,SK Kiel,0,0,1,1,1,1,1,1,1,1,1,1,1,1,1,1,2,2,2,4,5,5,5,6,7,7,7,7,7,7
Schleswig-Holstein,SK Lübeck,1,1,1,1,1,1,1,1,1,1,1,1,1,1,1,1,1,1,1,1,1,1,1,1,1,1,1,1,1,1
Schleswig-Holstein,SK Neumünster,0,0,0,0,0,0,0,0,0,0,0,0,0,0,0,0,0,0,0,1,1,1,1,1,1,1,1,1,1,1
Schleswig-Holstein,LK Dithmarschen,0,0,0,0,0,0,0,0,0,0,0,1,1,1,1,1,1,1,1,1,1,1,1,1,2,2,2,2,2,2
Schleswig-Holstein,LK Herzogtum Lauenburg,0,0,0,0,0,1,1,1,1,1,1,1,2,2,2,2,4,5,5,5,5,5,5,5,5,5,6,6,6,6
Schleswig-Holstein,LK Nordfriesland,0,0,0,0,0,0,0,0,0,0,0,0,1,1,1,1,1,1,1,1,1,1,1,1,1,1,1,1,1,1
Schleswig-Holstein,LK Ostholstein,0,0,0,0,0,0,0,0,0,0,0,0,0,0,0,0,0,0,0,0,0,0,0,0,0,0,0,0,0,0
Schleswig-Holstein,LK Pinneberg,0,0,0,0,0,0,0,1,2,2,2,2,2,3,3,3,4,4,7,8,8,8,10,12,12,13,14,14,15,15
Schleswig-Holstein,LK Plön,0,0,0,1,1,1,1,1,1,2,2,2,2,2,2,2,2,2,2,2,2,2,2,3,3,3,3,3,3,3
Schleswig-Holstein,LK Rendsburg-Eckernförde,0,0,0,0,0,0,0,1,1,2,2,2,4,4,4,6,6,7,7,7,7,8,8,8,10,10,10,11,11,12
Schleswig-Holstein,LK Schleswig-Flensburg,0,0,0,0,0,0,0,0,0,0,0,0,0,0,0,0,0,1,1,1,1,1,2,3,3,3,3,3,3,3
Schleswig-Holstein,LK Segeberg,0,0,0,0,0,0,0,0,0,0,0,0,0,0,0,0,0,1,1,1,1,2,2,2,2,2,2,2,2,2
Schleswig-Holstein,LK Steinburg,0,0,0,0,0,0,0,0,0,0,0,0,0,0,0,0,0,0,2,2,2,2,2,2,2,2,2,3,3,3
Schleswig-Holstein,LK Stormarn,0,0,0,0,0,0,0,0,0,0,1,1,1,2,2,2,2,2,3,3,3,3,3,3,4,4,6,6,6,9
Hamburg,SK Hamburg,0,0,0,0,0,2,2,4,5,9,14,14,16,16,19,19,20,23,44,53,56,56,56,59,67,80,84,90,91,91
Niedersachsen,SK Braunschweig,0,0,0,0,0,0,0,0,0,0,1,1,1,3,3,4,5,5,6,6,6,7,7,7,7,7,7,7,7,7
Niedersachsen,SK Salzgitter,0,0,0,0,0,0,1,1,1,1,1,1,1,1,1,1,1,1,1,1,3,3,3,3,3,5,5,5,5,5
Niedersachsen,SK Wolfsburg,0,0,1,2,2,2,2,9,15,18,18,15,21,28,28,28,30,32,33,34,34,36,36,39,39,42,44,44,45,45
Niedersachsen,LK Gifhorn,0,0,0,0,0,0,0,0,0,0,0,0,0,0,0,0,0,0,0,1,1,1,2,2,2,2,3,3,3,3
Niedersachsen,LK Goslar,0,0,0,0,0,0,0,0,0,1,1,1,3,3,3,3,3,3,3,3,3,3,3,3,3,6,7,7,7,7
Niedersachsen,LK Helmstedt,0,0,0,0,0,0,0,0,0,0,0,0,0,0,0,0,0,0,0,0,0,0,0,0,0,0,0,0,0,0
Niedersachsen,LK Northeim,0,0,0,0,0,0,0,0,0,0,0,0,0,0,0,0,0,0,0,0,0,0,0,0,0,0,0,0,0,0
Niedersachsen,LK Peine,0,0,0,0,0,0,0,0,0,0,0,0,0,1,1,1,1,3,3,3,3,4,5,5,5,5,6,6,7,8
Niedersachsen,LK Wolfenbüttel,0,0,0,0,0,0,0,0,0,0,0,0,0,0,0,0,0,0,0,0,0,1,1,1,1,1,2,2,2,2
Niedersachsen,LK Göttingen,0,0,0,0,0,0,0,0,0,0,0,0,1,1,1,1,9,7,8,9,9,9,9,11,11,11,17,17,17,17
Niedersachsen,Region Hannover,0,2,2,2,2,4,4,4,4,4,5,7,9,11,11,11,12,12,17,21,22,24,25,27,29,32,35,39,43,43
Niedersachsen,LK Diepholz,0,0,0,0,0,0,0,0,0,0,1,2,2,4,4,4,4,5,6,8,8,8,8,8,8,13,14,14,15,15
Niedersachsen,LK Hameln-Pyrmont,0,0,0,0,0,0,0,0,0,0,1,1,1,2,2,2,2,2,3,3,3,3,3,3,4,4,6,6,6,6
Niedersachsen,LK Hildesheim,0,0,0,0,0,0,0,0,0,0,0,0,1,1,1,1,1,1,1,1,1,1,1,1,1,1,1,1,1,1
Niedersachsen,LK Holzminden,0,0,0,0,0,0,0,0,0,0,0,0,1,1,1,1,1,1,2,2,2,2,2,2,2,2,4,5,5,5
Niedersachsen,LK Nienburg (Weser),0,0,0,0,0,0,0,0,0,0,0,0,0,0,0,0,0,0,0,0,0,0,1,1,1,1,1,1,1,1
Niedersachsen,LK Schaumburg,0,0,0,0,0,0,0,0,0,0,0,0,0,0,0,0,0,0,0,0,1,1,1,1,1,4,5,6,6,6
Niedersachsen,LK Celle,0,0,0,0,0,0,0,0,0,0,0,0,1,4,4,4,5,5,7,7,7,7,7,7,9,9,9,9,9,9
Niedersachsen,LK Cuxhaven,0,0,0,0,0,0,0,0,0,0,0,0,0,2,2,2,2,2,2,2,2,2,3,3,3,3,3,3,3,3
Niedersachsen,LK Harburg,1,1,1,1,1,1,1,1,1,1,1,1,1,1,1,1,1,2,2,2,4,4,6,6,6,7,7,8,8,8
Niedersachsen,LK Lüchow-Dannenberg,0,0,0,0,0,0,0,0,0,0,0,0,0,0,0,0,0,2,2,2,2,2,2,2,2,2,2,2,2,2
Niedersachsen,LK Lüneburg,0,0,0,0,0,0,0,0,0,0,0,0,0,0,0,0,0,0,0,0,0,0,0,0,0,0,0,0,0,0
Niedersachsen,LK Osterholz,0,0,0,0,0,0,0,0,0,0,0,0,0,0,0,0,0,0,0,0,0,0,0,0,0,0,0,0,0,0
Niedersachsen,LK Rotenburg (Wümme),0,0,0,0,0,0,0,1,1,1,1,1,1,1,1,1,1,1,1,1,1,1,1,1,1,1,1,1,1,1
Niedersachsen,LK Heidekreis,0,0,0,0,0,0,0,0,0,0,0,0,0,0,0,0,1,1,1,1,1,1,1,1,1,1,1,1,1,1
Niedersachsen,LK Stade,0,0,0,0,0,0,0,0,0,0,0,0,1,1,1,1,2,2,2,2,2,5,5,5,5,5,6,6,6,6
Niedersachsen,LK Uelzen,0,0,0,0,0,0,0,0,0,0,0,0,0,0,0,0,0,0,0,0,0,0,0,0,0,0,0,0,0,0
Niedersachsen,LK Verden,0,0,0,0,0,0,0,0,0,0,0,1,1,1,1,1,1,1,1,1,1,1,1,1,1,1,1,1,1,1
Niedersachsen,SK Delmenhorst,0,0,0,0,0,0,0,1,1,1,1,1,1,1,1,1,1,1,1,2,2,2,2,2,2,2,2,2,2,2
Niedersachsen,SK Emden,0,0,0,0,0,0,0,0,0,0,0,0,0,0,0,0,0,0,0,0,0,0,0,0,0,0,0,0,0,0
Niedersachsen,SK Oldenburg,0,0,0,0,0,0,0,0,0,0,0,0,0,0,0,0,0,0,0,0,0,0,0,0,0,0,0,0,0,0
Niedersachsen,SK Osnabrück,0,0,0,0,0,0,0,1,0,1,1,1,1,1,2,2,2,3,3,6,6,6,7,7,8,8,8,8,8,8
Niedersachsen,SK Wilhelmshaven,0,0,0,0,0,0,0,0,0,0,0,0,0,0,0,0,0,0,0,0,0,0,0,0,0,0,0,0,0,0
Niedersachsen,LK Ammerland,0,0,0,0,0,0,0,0,0,0,1,1,1,1,2,2,2,2,2,2,2,2,2,2,2,3,3,3,3,3
Niedersachsen,LK Aurich,0,0,0,0,0,0,0,0,0,0,2,2,2,2,3,3,3,3,3,3,3,3,3,3,3,3,4,4,4,4
Niedersachsen,LK Cloppenburg,0,0,0,0,0,0,0,0,0,0,0,0,0,0,0,0,0,0,0,0,0,0,0,0,0,0,0,0,0,0
Niedersachsen,LK Emsland,0,0,0,0,1,1,1,1,1,2,2,3,3,3,3,3,3,3,4,4,6,10,10,10,12,12,13,13,13,14
Niedersachsen,LK Friesland,0,0,0,0,0,0,0,0,0,0,0,0,0,0,0,0,0,0,0,1,1,1,1,1,1,1,1,1,1,1
Niedersachsen,LK Grafschaft Bentheim,0,0,0,0,0,0,0,0,0,1,1,1,1,1,1,2,3,3,4,4,6,6,9,9,10,10,10,10,10,10
Niedersachsen,LK Leer,0,1,1,1,1,1,1,1,1,1,1,1,1,1,1,1,1,1,1,1,1,1,1,1,1,1,1,1,1,2
Niedersachsen,LK Oldenburg,0,0,0,0,0,0,0,0,0,0,1,1,1,1,1,1,2,2,4,7,7,7,7,8,9,9,9,9,9,9
Niedersachsen,LK Osnabrück,0,0,0,0,0,0,1,0,0,1,1,1,6,6,7,8,9,9,12,13,13,17,18,20,23,25,27,26,26,26
Niedersachsen,LK Vechta,0,0,1,1,1,1,1,1,1,1,1,2,2,2,2,2,3,6,6,7,7,7,7,7,7,8,8,9,9,9
Niedersachsen,LK Wesermarsch,0,0,0,0,0,0,0,0,0,0,0,0,0,0,0,0,0,0,0,1,1,1,1,1,1,1,1,1,1,1
Niedersachsen,LK Wittmund,0,0,0,0,0,0,0,0,0,0,0,0,0,0,0,0,0,0,0,0,0,0,0,0,0,0,0,0,0,0
Bremen,SK Bremen,0,0,0,0,1,1,2,2,2,4,5,6,6,6,6,8,9,10,11,13,15,15,17,20,21,21,22,24,25,25
Bremen,SK Bremerhaven,0,0,0,0,0,0,0,0,0,0,0,0,0,0,0,0,0,0,0,0,0,0,0,0,0,0,0,0,0,0
Nordrhein-Westfalen,SK Düsseldorf,0,1,1,2,2,2,2,2,2,2,4,4,4,4,4,4,4,6,7,9,9,9,9,10,10,13,14,14,14,14
Nordrhein-Westfalen,SK Duisburg,0,0,0,0,0,1,1,1,1,2,2,2,2,2,4,5,5,5,5,5,7,7,9,9,9,9,9,9,9,9
Nordrhein-Westfalen,SK Essen,1,1,1,2,2,5,6,6,6,6,6,6,6,6,6,6,6,8,8,20,20,20,20,23,23,24,27,28,28,28
Nordrhein-Westfalen,SK Krefeld,0,0,0,0,0,0,0,0,0,0,0,0,0,0,0,0,0,0,1,1,1,2,2,2,2,2,2,2,2,8
Nordrhein-Westfalen,SK Mönchengladbach,0,0,0,0,0,0,0,1,1,1,1,1,1,1,11,9,5,9,9,14,14,20,20,16,17,17,22,23,24,25
Nordrhein-Westfalen,SK Mülheim a.d.Ruhr,0,0,0,0,0,0,0,0,0,0,0,2,2,2,2,2,2,3,4,4,4,4,4,4,4,4,4,4,4,4
Nordrhein-Westfalen,SK Oberhausen,0,0,0,0,0,0,0,0,0,0,0,0,0,0,0,0,0,0,0,0,0,0,0,0,0,0,0,0,1,1
Nordrhein-Westfalen,SK Remscheid,0,0,0,0,0,0,0,1,1,1,1,1,1,1,1,1,1,1,1,2,2,2,2,2,2,2,2,3,3,3
Nordrhein-Westfalen,SK Solingen,0,0,0,0,0,0,0,0,0,0,1,1,1,1,1,1,1,1,1,1,2,2,2,2,2,2,3,3,3,3
Nordrhein-Westfalen,SK Wuppertal,0,1,1,1,1,1,1,1,1,2,3,3,4,5,5,5,6,9,10,12,12,12,17,17,19,21,26,26,31,37
Nordrhein-Westfalen,LK Kleve,0,0,0,0,0,1,1,2,2,2,2,2,2,3,3,3,3,5,5,5,6,6,6,9,9,9,9,11,13,14
Nordrhein-Westfalen,LK Mettmann,0,1,1,2,2,3,3,3,3,4,5,5,7,8,10,11,12,13,13,18,21,22,22,24,32,35,38,41,41,45
Nordrhein-Westfalen,LK Rhein-Kreis Neuss,0,2,2,3,3,3,3,4,4,6,6,6,6,6,6,6,7,7,8,8,8,8,10,12,12,13,13,14,15,16
Nordrhein-Westfalen,LK Viersen,0,0,0,0,0,0,0,0,0,0,0,0,1,1,2,3,3,5,7,7,7,7,7,7,20,20,25,25,25,25
Nordrhein-Westfalen,LK Wesel,0,0,2,2,2,2,2,2,2,2,2,2,2,2,2,2,3,3,3,5,5,5,8,9,10,13,14,14,14,14
Nordrhein-Westfalen,SK Bonn,0,0,0,0,0,1,1,1,1,1,1,1,1,3,3,3,3,3,3,3,3,3,3,5,5,5,5,5,5,5
Nordrhein-Westfalen,SK Köln,0,0,0,0,0,0,0,7,7,9,9,15,15,18,27,27,27,27,34,38,43,44,46,46,50,56,58,58,58,58
Nordrhein-Westfalen,SK Leverkusen,0,0,0,0,0,0,0,0,0,0,0,0,0,0,1,1,1,2,2,2,2,2,2,2,2,3,3,3,3,3
Nordrhein-Westfalen,StadtRegion Aachen,0,2,2,3,8,9,10,14,14,14,14,16,21,21,27,27,28,36,37,44,50,52,52,52,53,55,57,61,62,63
Nordrhein-Westfalen,LK Düren,0,0,0,0,0,1,1,1,1,1,2,4,5,7,10,10,13,13,13,14,14,16,16,18,18,18,18,21,22,23
Nordrhein-Westfalen,LK Rhein-Erft-Kreis,0,0,0,0,0,0,0,0,0,1,1,1,1,4,4,4,9,13,13,13,13,13,13,13,31,32,34,36,38,40
Nordrhein-Westfalen,LK Euskirchen,0,0,0,0,0,0,0,0,0,2,2,2,2,2,2,2,2,2,4,5,6,7,7,8,9,9,9,10,10,11
Nordrhein-Westfalen,LK Heinsberg,5,17,19,21,24,28,30,31,31,32,35,37,39,41,44,43,44,44,44,45,46,46,48,48,49,52,52,52,53,53
Nordrhein-Westfalen,LK Oberbergischer Kreis,0,0,0,0,0,0,1,1,1,2,2,2,2,2,2,5,5,6,6,6,8,8,9,9,9,9,10,10,10,10
Nordrhein-Westfalen,LK Rheinisch-Bergischer Kreis,0,1,1,1,1,1,1,1,1,2,2,3,3,3,3,3,4,4,4,4,4,4,4,4,4,4,4,4,6,6
Nordrhein-Westfalen,LK Rhein-Sieg-Kreis,0,0,0,0,0,1,1,1,2,2,2,2,2,2,4,4,6,7,9,9,9,12,12,12,12,13,18,20,20,22
Nordrhein-Westfalen,SK Bottrop,0,0,0,0,0,0,0,0,0,0,0,0,0,0,0,0,1,1,1,1,1,1,1,1,1,2,3,5,5,5
Nordrhein-Westfalen,SK Gelsenkirchen,0,0,0,0,0,0,0,0,0,0,1,1,1,1,1,1,1,4,4,5,5,5,5,5,5,5,7,7,7,8
Nordrhein-Westfalen,SK Münster,0,0,0,0,0,1,1,2,2,2,2,2,2,2,2,2,3,3,5,6,6,7,7,7,7,7,8,8,8,8
Nordrhein-Westfalen,LK Borken,0,0,0,2,2,3,3,3,4,4,4,7,7,7,7,10,13,13,15,17,17,17,19,20,22,23,24,25,26,26
Nordrhein-Westfalen,LK Coesfeld,0,0,0,0,0,0,0,0,0,0,4,6,7,7,8,8,8,11,11,11,12,14,14,15,15,16,16,16,16,16
Nordrhein-Westfalen,LK Recklinghausen,0,0,0,0,0,0,0,0,0,0,0,0,0,0,0,1,1,2,4,4,4,5,5,5,5,5,6,9,9,10
Nordrhein-Westfalen,LK Steinfurt,0,0,0,0,0,0,0,0,0,0,1,2,2,2,2,3,3,10,12,17,18,18,18,23,23,24,24,40,40,43
Nordrhein-Westfalen,LK Warendorf,0,0,0,0,0,1,1,1,1,1,1,2,2,2,2,2,2,3,3,3,3,3,3,3,6,6,5,6,7,7
Nordrhein-Westfalen,SK Bielefeld,0,0,0,0,0,0,0,0,0,0,0,0,0,0,0,0,0,0,0,0,0,0,0,0,0,0,0,2,2,1
Nordrhein-Westfalen,LK Gütersloh,0,0,0,0,0,0,1,1,1,1,1,1,1,2,3,3,3,6,8,8,8,8,8,8,8,13,13,14,14,15
Nordrhein-Westfalen,LK Herford,0,0,0,0,0,0,0,0,0,0,0,0,0,1,1,1,1,1,1,1,1,1,1,1,1,1,1,1,1,2
Nordrhein-Westfalen,LK Höxter,0,0,0,0,0,0,0,0,0,0,0,0,0,0,1,1,1,1,1,1,1,1,1,1,1,1,1,2,2,3
Nordrhein-Westfalen,LK Lippe,0,1,1,1,1,1,1,1,1,2,2,2,2,2,3,3,4,6,6,7,7,7,7,7,7,11,16,16,16,18
Nordrhein-Westfalen,LK Minden-Lübbecke,0,0,0,0,0,0,0,0,0,0,0,0,0,0,0,0,1,2,3,3,3,3,3,3,3,3,3,3,4,4
Nordrhein-Westfalen,LK Paderborn,0,0,0,0,0,0,0,0,0,1,1,3,3,3,3,3,3,7,8,9,9,9,12,12,14,18,19,22,22,23
Nordrhein-Westfalen,SK Bochum,0,1,1,1,2,3,4,4,4,4,4,4,4,6,6,6,6,6,6,6,6,6,6,7,7,7,14,14,14,15
Nordrhein-Westfalen,SK Dortmund,0,0,0,0,0,0,0,0,0,0,0,0,1,1,1,1,2,3,3,3,3,3,3,3,3,3,3,5,5,5
Nordrhein-Westfalen,SK Hagen,0,0,0,1,1,2,2,2,2,2,2,2,2,2,2,2,2,2,2,2,2,2,2,2,2,2,3,3,3,5
Nordrhein-Westfalen,SK Hamm,0,0,0,0,1,1,1,1,1,1,2,2,3,4,4,4,4,4,4,8,8,9,9,11,11,12,15,16,19,21
Nordrhein-Westfalen,SK Herne,0,0,0,0,0,0,0,0,0,0,0,0,0,0,0,0,0,0,0,0,0,0,0,0,0,0,1,1,1,1
Nordrhein-Westfalen,LK Ennepe-Ruhr-Kreis,0,0,1,1,1,1,1,1,1,1,1,1,1,1,1,1,1,3,3,3,3,3,3,3,5,6,6,6,6,7
Nordrhein-Westfalen,LK Hochsauerlandkreis,0,0,0,0,0,0,0,0,0,0,0,1,1,1,1,1,1,1,4,5,5,5,5,6,6,11,11,13,13,13
Nordrhein-Westfalen,LK Märkischer Kreis,0,0,0,0,0,0,0,0,0,0,0,1,2,3,3,3,5,5,6,7,7,8,8,9,10,11,13,16,16,16
Nordrhein-Westfalen,LK Olpe,0,0,0,0,0,0,0,0,0,1,1,1,1,2,2,4,5,8,8,9,11,11,12,14,14,14,15,17,17,18
Nordrhein-Westfalen,LK Siegen-Wittgenstein,0,0,0,0,0,0,0,1,1,1,1,1,2,2,2,2,2,3,4,4,4,4,4,4,4,4,4,6,6,6
Nordrhein-Westfalen,LK Soest,0,0,0,0,0,0,0,0,0,0,0,1,1,1,1,1,2,2,2,2,2,2,2,2,3,3,3,4,4,4
Nordrhein-Westfalen,LK Unna,0,0,0,0,0,0,1,1,2,2,3,3,3,3,5,5,7,9,9,10,10,10,10,10,11,15,16,17,17,17
Hessen,SK Darmstadt,0,0,0,0,0,0,0,0,0,0,0,0,0,0,0,0,0,0,0,0,0,0,0,0,1,1,1,2,3,4
Hessen,SK Frankfurt am Main,0,0,0,0,0,0,2,2,2,3,4,4,5,5,5,6,8,10,10,10,10,10,12,14,18,19,20,20,20,20
Hessen,SK Offenbach,0,0,0,1,1,1,1,1,1,1,1,1,1,1,1,1,1,1,1,1,2,2,2,2,2,3,3,4,4,4
Hessen,SK Wiesbaden,1,1,1,1,1,1,1,1,1,1,2,2,2,3,4,4,4,6,6,6,6,6,6,6,8,8,8,8,9,9
Hessen,LK Bergstraße,0,0,0,0,0,0,0,0,1,1,1,1,1,1,1,1,1,1,1,1,1,1,1,1,1,1,1,1,2,2
Hessen,LK Darmstadt-Dieburg,0,0,0,0,1,1,1,1,1,1,2,2,2,2,3,3,3,3,3,5,5,5,5,5,6,7,7,10,11,11
Hessen,LK Groß-Gerau,0,0,0,0,0,0,0,0,0,0,0,1,1,1,1,1,2,2,2,3,3,3,3,3,3,3,3,3,3,3
Hessen,LK Hochtaunuskreis,0,0,0,0,0,0,0,0,0,0,0,1,1,0,0,0,0,0,0,1,2,2,2,2,3,3,3,3,4,4
Hessen,LK Main-Kinzig-Kreis,0,0,0,0,0,1,1,1,1,1,1,1,3,3,3,3,3,3,4,5,5,5,6,7,10,10,12,15,16,18
Hessen,LK Main-Taunus-Kreis,0,1,1,1,1,1,1,1,1,2,2,2,2,3,3,3,3,3,3,4,4,4,4,4,4,4,4,4,4,4
Hessen,LK Odenwaldkreis,0,0,0,0,0,0,0,0,0,0,1,2,2,2,6,9,10,15,15,18,22,22,22,23,29,30,31,34,36,36
Hessen,LK Offenbach,1,1,1,1,2,2,2,2,2,3,3,3,3,4,6,6,8,9,9,10,10,10,13,14,15,15,15,15,15,16
Hessen,LK Rheingau-Taunus-Kreis,0,0,0,0,0,0,0,0,0,0,0,0,0,0,0,0,1,1,1,1,1,2,2,2,3,3,3,3,3,3
Hessen,LK Wetteraukreis,0,0,0,0,0,0,0,0,0,1,1,1,1,1,1,1,1,1,1,3,3,4,5,5,5,5,6,6,7,7
Hessen,LK Gießen,0,0,1,0,0,0,0,0,0,0,0,0,0,0,0,0,0,0,0,0,0,0,0,0,0,0,1,1,2,2
Hessen,LK Lahn-Dill-Kreis,0,0,0,0,0,0,0,0,0,0,0,0,0,0,3,3,3,3,6,6,6,6,6,9,10,10,10,10,10,10
Hessen,LK Limburg-Weilburg,0,0,0,0,0,0,0,0,0,0,0,0,0,0,0,0,0,0,0,0,0,0,0,0,1,1,1,1,1,2
Hessen,LK Marburg-Biedenkopf,0,0,0,0,0,0,0,0,1,1,1,1,1,1,1,1,1,1,1,1,1,1,1,1,1,1,1,1,1,1
Hessen,LK Vogelsbergkreis,0,0,0,0,0,0,0,0,0,0,0,0,0,1,2,2,2,2,2,2,2,3,4,4,4,4,4,4,4,4
Hessen,SK Kassel,0,0,0,0,0,0,0,0,0,0,0,0,0,1,2,2,2,2,2,2,2,2,3,3,3,4,5,5,5,5
Hessen,LK Fulda,0,0,0,0,0,0,0,0,1,1,1,1,1,2,2,2,2,3,3,3,5,5,5,5,6,8,8,8,8,8
Hessen,LK Hersfeld-Rotenburg,0,0,0,0,0,0,0,0,0,0,0,2,4,4,4,4,4,4,11,7,7,7,8,9,9,10,10,12,19,19
Hessen,LK Kassel,0,0,0,0,0,0,0,0,0,0,0,1,1,2,2,3,3,3,4,5,5,5,6,8,8,13,13,13,13,17
Hessen,LK Schwalm-Eder-Kreis,0,0,0,0,0,0,0,0,1,1,1,1,2,5,6,6,10,10,14,15,16,16,16,17,19,19,20,22,23,23
Hessen,LK Waldeck-Frankenberg,0,0,0,0,0,0,0,0,0,0,0,0,0,0,0,0,1,1,1,1,1,1,1,1,2,2,2,2,2,2
Hessen,LK Werra-Meißner-Kreis,0,0,0,0,0,0,0,0,0,0,0,0,0,0,0,0,0,0,0,1,1,1,2,2,2,3,5,5,5,6
Rheinland-Pfalz,SK Koblenz,0,0,0,0,1,3,3,3,4,4,5,6,5,6,7,7,7,7,8,8,8,8,8,9,9,10,10,10,11,11
Rheinland-Pfalz,LK Ahrweiler,0,0,0,0,0,0,0,1,1,1,1,1,1,1,1,1,1,1,1,1,1,1,1,1,1,1,1,1,1,1
Rheinland-Pfalz,LK Altenkirchen,0,0,0,0,0,0,0,0,0,0,0,0,0,0,0,0,0,0,0,0,0,1,2,2,3,3,4,4,4,4
Rheinland-Pfalz,LK Bad Kreuznach,0,0,0,0,0,0,0,0,0,0,0,0,0,0,1,1,1,1,1,1,1,1,1,1,1,1,1,1,2,2
Rheinland-Pfalz,LK Birkenfeld,0,0,0,0,0,0,0,0,0,0,0,0,0,0,0,0,0,0,0,0,0,0,0,0,0,0,0,0,0,0
Rheinland-Pfalz,LK Cochem-Zell,0,0,0,0,0,0,0,0,0,0,0,0,0,0,0,0,0,0,0,0,0,0,0,0,0,0,1,1,1,1
Rheinland-Pfalz,LK Mayen-Koblenz,1,1,1,1,1,1,1,1,1,1,1,1,1,2,2,2,3,3,3,3,4,6,6,6,6,6,6,6,7,7
Rheinland-Pfalz,LK Neuwied,0,0,1,1,1,1,1,1,1,1,2,2,2,2,2,2,2,2,2,2,2,2,2,2,2,3,3,3,3,3
Rheinland-Pfalz,LK Rhein-Hunsrück-Kreis,0,0,0,0,0,0,0,0,0,0,0,0,0,0,0,0,0,0,0,0,0,0,0,0,1,1,1,1,1,1
Rheinland-Pfalz,LK Rhein-Lahn-Kreis,0,0,1,1,1,1,1,1,2,2,2,2,2,2,2,2,2,2,2,2,2,2,2,2,2,3,3,4,4,4
Rheinland-Pfalz,LK Westerwaldkreis,1,1,1,1,1,1,1,1,2,2,2,3,3,3,3,3,4,6,8,8,9,9,9,9,10,11,11,13,16,16
Rheinland-Pfalz,SK Trier,0,0,0,0,0,0,0,0,0,0,0,0,0,0,0,0,0,0,0,0,0,0,0,0,0,1,1,1,1,1
Rheinland-Pfalz,LK Bernkastel-Wittlich,0,0,0,0,0,0,0,0,0,0,0,0,0,0,0,0,0,0,0,0,0,0,0,0,0,0,0,1,1,1
Rheinland-Pfalz,LK Bitburg-Prüm,0,0,0,0,0,0,0,0,0,0,0,0,0,0,0,0,0,2,1,1,1,2,2,2,2,2,3,3,3,3
Rheinland-Pfalz,LK Vulkaneifel,0,0,0,0,0,0,0,0,0,0,0,0,0,0,0,0,0,1,1,1,1,1,1,1,1,1,1,1,1,1
Rheinland-Pfalz,LK Trier-Saarburg,0,0,0,0,0,0,0,0,1,1,1,1,1,1,1,1,1,3,3,3,3,3,3,3,3,3,3,4,4,4
Rheinland-Pfalz,SK Frankenthal,0,0,0,0,0,0,0,0,0,0,0,0,0,0,0,0,0,0,0,0,0,0,0,0,0,2,2,2,2,2
Rheinland-Pfalz,SK Kaiserslautern,0,0,0,0,0,0,0,0,1,1,1,1,1,1,1,1,1,1,1,1,1,1,1,1,1,1,1,1,1,1
Rheinland-Pfalz,SK Landau i.d.Pfalz,0,0,0,0,0,0,0,0,0,0,0,0,0,0,0,0,0,0,0,0,0,0,0,0,0,0,0,0,0,0
Rheinland-Pfalz,SK Ludwigshafen,0,0,0,0,0,0,0,0,0,0,0,0,0,0,0,0,0,0,1,1,1,1,1,1,1,1,1,1,1,1
Rheinland-Pfalz,SK Mainz,0,0,0,0,0,0,0,0,0,0,0,0,0,0,0,0,0,0,1,1,2,2,5,5,6,6,7,7,7,8
Rheinland-Pfalz,SK Neustadt a.d.Weinstraße,0,0,1,1,1,1,1,1,1,1,1,1,1,1,1,1,1,1,1,1,1,1,1,1,1,1,1,1,1,1
Rheinland-Pfalz,SK Pirmasens,0,0,0,0,0,0,0,0,0,0,0,0,0,0,0,0,0,0,0,0,0,0,0,0,0,0,0,0,0,0
Rheinland-Pfalz,SK Speyer,0,0,0,0,0,0,0,0,0,0,0,0,0,0,0,0,0,0,0,0,0,0,0,0,0,0,0,0,0,0
Rheinland-Pfalz,SK Worms,0,0,0,0,0,0,0,0,0,0,2,2,2,2,2,2,2,2,3,3,5,6,6,6,6,6,6,6,6,6
Rheinland-Pfalz,SK Zweibrücken,0,0,0,0,0,0,0,0,0,0,0,0,0,0,0,0,0,0,0,0,0,0,0,0,0,0,0,0,0,0
Rheinland-Pfalz,LK Alzey-Worms,0,0,0,0,0,0,0,0,0,0,0,0,0,0,0,0,0,1,1,1,1,1,1,1,1,3,3,3,3,3
Rheinland-Pfalz,LK Bad Dürkheim,0,0,0,0,0,0,2,2,2,2,2,2,2,3,3,3,3,4,4,4,4,4,4,4,5,5,6,6,6,6
Rheinland-Pfalz,LK Donnersbergkreis,0,0,0,0,0,0,0,0,0,1,1,1,1,1,1,1,1,1,1,1,1,1,1,1,1,2,2,2,2,2
Rheinland-Pfalz,LK Germersheim,0,0,0,0,0,0,1,1,1,1,1,1,1,1,1,1,1,1,1,1,1,1,1,1,1,1,1,2,2,2
Rheinland-Pfalz,LK Kaiserslautern,0,0,0,0,0,0,0,0,0,0,0,0,0,0,0,0,0,0,0,0,0,0,0,0,0,0,0,0,0,0
Rheinland-Pfalz,LK Kusel,0,0,0,0,0,0,0,0,0,0,0,0,0,0,0,0,0,0,0,0,0,0,0,0,0,0,0,0,0,0
Rheinland-Pfalz,LK Südliche Weinstraße,0,0,0,0,0,0,0,0,0,0,0,0,0,0,0,0,0,0,0,0,1,1,1,1,1,1,1,1,1,1
Rheinland-Pfalz,LK Rhein-Pfalz-Kreis,0,0,0,0,0,0,0,0,0,0,0,0,0,0,0,0,0,2,2,2,2,2,2,2,2,2,2,2,2,2
Rheinland-Pfalz,LK Mainz-Bingen,0,0,0,0,0,0,0,0,0,0,0,0,1,1,2,2,2,2,2,3,5,5,5,6,8,8,8,9,10,10
Rheinland-Pfalz,LK Südwestpfalz,0,0,0,0,0,0,0,0,1,1,1,2,2,2,2,2,2,2,2,2,2,2,2,2,2,2,2,2,2,2
Baden-Württemberg,SK Stuttgart,0,0,1,1,2,3,5,5,6,7,7,8,9,11,12,12,12,15,16,16,18,19,20,23,26,26,29,32,36,36
Baden-Württemberg,LK Böblingen,0,0,0,0,1,3,7,7,8,9,10,10,11,12,13,15,16,17,18,20,21,23,23,27,30,30,32,33,33,33
Baden-Württemberg,LK Esslingen,2,2,3,3,3,4,6,6,6,11,18,20,22,24,26,30,34,34,39,40,43,43,46,48,48,48,51,56,61,61
Baden-Württemberg,LK Göppingen,1,1,1,1,1,1,3,3,3,9,9,10,10,12,12,12,17,18,19,19,22,23,23,24,26,26,27,30,31,31
Baden-Württemberg,LK Ludwigsburg,0,0,0,1,4,3,3,3,3,6,7,11,14,17,18,18,18,19,19,21,25,28,29,29,30,33,35,37,38,38
Baden-Württemberg,LK Rems-Murr-Kreis,1,1,1,1,1,2,3,3,3,3,3,5,7,8,8,8,11,11,11,19,19,19,19,19,29,29,31,32,34,34
Baden-Württemberg,SK Heilbronn,0,0,0,0,0,0,0,0,0,0,0,0,0,0,1,1,1,1,2,3,3,3,4,4,4,7,9,9,10,10
Baden-Württemberg,LK Heilbronn,3,3,3,4,4,5,5,5,5,5,8,8,8,8,8,8,9,11,11,12,12,12,13,14,14,18,18,21,22,22
Baden-Württemberg,LK Hohenlohekreis,2,2,3,3,3,3,3,3,5,9,9,13,12,14,16,16,17,18,24,26,26,26,27,27,29,29,32,33,34,34
Baden-Württemberg,LK Schwäbisch Hall,0,0,0,2,5,5,7,7,9,9,10,11,13,13,17,17,19,19,23,28,29,29,29,31,33,34,35,37,37,38
Baden-Württemberg,LK Main-Tauber-Kreis,0,0,0,0,0,0,0,0,0,0,0,0,0,0,1,1,1,1,1,2,3,3,3,3,5,5,6,7,7,7
Baden-Württemberg,LK Heidenheim,0,0,1,1,1,2,4,4,4,3,3,5,5,6,7,7,10,11,14,17,17,20,22,22,26,26,26,26,26,28
Baden-Württemberg,LK Ostalbkreis,0,0,0,0,0,0,0,0,0,0,1,1,1,1,2,2,3,3,4,4,5,5,7,7,8,12,13,14,14,14
Baden-Württemberg,SK Baden-Baden,0,0,0,1,1,1,2,2,2,3,3,3,3,4,4,5,5,5,6,6,6,6,7,7,8,8,11,11,12,12
Baden-Württemberg,SK Karlsruhe,0,0,0,0,0,0,0,0,0,0,1,1,1,1,1,2,3,3,3,3,3,3,3,3,3,3,4,4,4,4
Baden-Württemberg,LK Karlsruhe,0,0,0,0,1,1,1,1,3,3,4,7,7,7,9,11,12,12,16,17,22,24,24,24,27,31,40,41,42,42
Baden-Württemberg,LK Rastatt,0,0,0,0,0,0,0,0,0,0,0,1,1,1,1,1,1,3,4,4,5,5,5,5,7,7,9,9,11,11
Baden-Württemberg,SK Heidelberg,0,0,0,0,0,0,0,0,0,0,0,0,0,0,2,2,3,3,7,7,7,7,7,7,7,7,6,6,6,6
Baden-Württemberg,SK Mannheim,0,0,0,0,0,0,0,0,0,0,0,0,2,2,3,3,3,3,4,4,4,4,5,5,5,6,6,6,6,6
Baden-Württemberg,LK Neckar-Odenwald-Kreis,0,0,1,1,1,1,1,1,1,2,2,3,4,5,6,6,6,6,6,6,6,6,6,6,6,6,7,7,7,7
Baden-Württemberg,LK Rhein-Neckar-Kreis,0,0,0,0,1,1,2,2,3,4,4,8,10,10,10,10,14,15,15,15,15,15,15,15,15,15,21,21,23,23
Baden-Württemberg,SK Pforzheim,0,0,0,0,0,0,0,0,0,0,0,0,1,2,2,2,2,3,3,3,4,4,4,4,4,4,4,4,4,4
Baden-Württemberg,LK Calw,1,1,1,2,2,2,2,2,2,3,3,4,4,7,7,7,7,7,7,7,8,8,9,9,10,10,10,10,10,11
Baden-Württemberg,LK Enzkreis,0,0,0,0,1,1,1,1,1,1,2,2,3,3,3,3,3,4,5,5,5,5,5,6,7,7,7,9,10,10
Baden-Württemberg,LK Freudenstadt,0,0,0,0,0,0,0,0,0,0,0,0,0,0,1,2,5,5,5,5,9,9,9,9,13,13,16,16,17,20
Baden-Württemberg,SK Freiburg i.Breisgau,0,0,1,1,2,4,5,5,5,11,12,12,15,16,18,18,18,18,24,28,30,35,35,40,41,44,45,46,51,52
Baden-Württemberg,LK Breisgau-Hochschwarzwald,0,0,0,0,0,2,3,3,5,7,8,10,12,12,12,12,13,15,16,18,18,20,21,21,24,26,27,30,33,35
Baden-Württemberg,LK Emmendingen,4,4,4,5,5,5,7,7,7,12,15,18,18,18,20,21,21,21,23,26,27,27,28,30,31,31,31,32,32,32
Baden-Württemberg,LK Ortenaukreis,2,2,4,4,4,4,8,8,10,15,18,21,25,26,34,38,42,44,44,45,48,48,51,52,57,58,62,66,67,67
Baden-Württemberg,LK Rottweil,1,1,1,1,2,2,2,2,2,3,2,2,2,3,3,3,3,4,4,4,5,6,6,6,8,8,9,10,10,11
Baden-Württemberg,LK Schwarzwald-Baar-Kreis,0,0,0,0,0,0,0,0,2,2,2,2,3,3,3,3,3,3,3,3,3,3,4,6,8,8,10,10,11,12
Baden-Württemberg,LK Tuttlingen,0,0,0,0,1,1,2,2,3,3,3,4,4,4,4,4,4,4,4,6,7,7,7,7,7,9,9,9,10,10
Baden-Württemberg,LK Konstanz,0,0,0,0,0,1,1,1,1,1,2,2,2,2,2,2,2,5,5,5,5,5,5,5,5,5,5,8,8,8
Baden-Württemberg,LK Lörrach,0,0,0,0,3,3,3,3,3,3,5,8,10,10,11,11,13,13,15,16,19,21,22,22,22,22,25,27,28,28
Baden-Württemberg,LK Waldshut,1,1,1,1,1,1,1,1,1,1,1,1,1,2,3,4,9,9,10,10,12,13,15,16,16,18,21,22,25,25
Baden-Württemberg,LK Reutlingen,1,1,2,2,2,3,5,5,5,6,6,6,9,9,10,10,10,10,12,13,14,15,15,15,15,15,16,16,16,16
Baden-Württemberg,LK Tübingen,0,0,0,0,0,1,1,1,2,4,5,5,8,11,11,12,14,15,16,18,21,21,23,24,24,25,26,27,32,32
Baden-Württemberg,LK Zollernalbkreis,0,0,0,0,2,3,4,4,4,4,5,9,10,12,19,19,19,20,25,28,31,32,34,34,34,36,43,44,47,48
Baden-Württemberg,SK Ulm,0,0,0,0,0,0,0,0,0,0,0,0,0,0,1,1,1,1,1,1,1,1,1,2,2,3,3,3,3,3
Baden-Württemberg,LK Alb-Donau-Kreis,0,0,0,0,0,0,0,0,0,0,0,0,0,0,2,2,2,3,3,4,6,7,7,7,7,7,7,7,7,7
Baden-Württemberg,LK Biberach,0,0,0,0,0,0,2,2,2,2,2,2,3,3,3,3,3,3,3,4,4,4,4,9,9,9,10,12,14,14
Baden-Württemberg,LK Bodenseekreis,0,0,0,0,0,0,0,0,0,1,1,2,2,2,3,4,5,6,6,6,6,6,6,6,6,6,6,6,6,7
Baden-Württemberg,LK Ravensburg,0,0,0,0,0,0,0,0,0,0,0,0,3,4,4,4,4,4,4,5,5,5,5,5,5,5,5,6,6,6
Baden-Württemberg,LK Sigmaringen,2,2,2,2,2,2,2,2,3,3,6,6,10,11,14,15,15,19,19,21,23,24,24,26,26,27,27,27,27,27
Bayern,SK Ingolstadt,0,0,0,0,0,0,0,0,0,0,0,0,3,3,3,3,4,8,8,8,9,9,9,9,9,11,16,18,19,19
Bayern,SK München,0,0,0,0,2,2,3,3,3,3,4,4,5,5,9,9,9,9,9,22,29,35,39,39,46,49,56,59,66,66
Bayern,SK Rosenheim,0,0,0,0,0,0,0,0,0,0,0,1,1,4,4,5,5,5,6,6,6,6,7,7,8,10,12,12,13,13
Bayern,LK Altötting,0,0,0,0,0,0,3,3,3,3,3,3,5,6,6,7,9,9,14,14,16,16,16,16,16,17,21,22,23,23
Bayern,LK Berchtesgadener Land,0,0,0,0,0,0,0,0,0,0,0,2,2,3,3,3,3,3,3,3,3,3,3,3,3,6,8,8,8,8
Bayern,LK Bad Tölz-Wolfratshausen,0,0,0,0,0,0,0,0,0,0,0,0,2,3,4,4,4,4,4,5,5,5,5,5,6,6,6,6,6,6
Bayern,LK Dachau,0,0,0,0,0,0,1,1,1,2,2,3,4,4,4,5,5,5,5,5,5,5,5,13,13,14,14,14,14,14
Bayern,LK Ebersberg,0,0,0,0,0,0,0,0,0,0,0,0,0,0,1,1,1,1,1,1,1,1,1,1,1,1,1,1,1,2
Bayern,LK Eichstätt,0,0,0,0,0,0,0,0,0,1,1,2,2,2,2,2,2,2,3,4,5,6,7,7,7,8,9,10,10,10
Bayern,LK Erding,0,0,0,0,0,0,0,0,0,1,1,1,3,3,3,3,5,5,5,5,5,5,6,6,6,7,7,7,7,7
Bayern,LK Freising,2,2,3,3,3,3,3,5,6,6,7,10,12,12,13,15,15,20,20,21,21,24,24,24,25,26,26,27,31,32
Bayern,LK Fürstenfeldbruck,0,0,0,0,0,0,0,0,2,2,3,3,4,5,7,7,7,15,15,15,15,15,15,15,20,21,21,22,22,22
Bayern,LK Garmisch-Partenkirchen,0,0,0,0,0,0,0,0,0,0,0,1,1,1,1,1,1,1,2,5,5,5,5,5,5,9,9,9,9,9
Bayern,LK Landsberg a.Lech,1,1,1,1,1,1,2,2,2,3,4,4,4,4,4,4,4,4,6,6,6,6,6,8,8,9,9,9,9,9
Bayern,LK Miesbach,0,0,0,0,0,0,0,0,0,0,0,1,1,1,1,2,3,3,4,5,5,6,6,6,6,7,7,7,7,7
Bayern,LK Mühldorf a.Inn,0,0,0,0,0,0,1,1,2,2,4,4,4,4,4,5,6,8,9,9,10,10,12,13,13,13,13,15,15,15
Bayern,LK München,0,0,0,0,0,1,1,2,5,5,6,7,7,7,8,8,8,8,9,9,9,15,16,17,20,20,20,20,20,20
Bayern,LK Neuburg-Schrobenhausen,0,0,0,0,0,0,0,0,0,0,0,0,0,0,0,0,0,3,3,3,3,3,3,3,8,8,9,9,9,9
Bayern,LK Pfaffenhofen a.d.Ilm,0,0,0,0,0,0,0,0,0,0,0,1,1,2,2,3,3,4,5,7,7,11,11,13,13,13,13,13,14,14
Bayern,LK Rosenheim,0,0,0,1,1,1,6,6,7,8,13,15,15,25,25,29,29,29,34,39,39,39,42,42,42,63,73,86,88,90
Bayern,LK Starnberg,1,1,1,1,1,1,1,1,1,1,1,2,2,2,2,3,3,3,4,4,4,4,4,4,5,5,6,8,8,8
Bayern,LK Traunstein,1,1,2,2,2,2,3,3,3,3,3,4,6,6,8,11,12,15,15,17,17,17,17,18,18,26,26,27,30,30
Bayern,LK Weilheim-Schongau,1,1,1,1,1,1,1,1,1,1,1,1,1,1,1,1,1,1,1,1,1,1,1,1,1,1,1,1,1,1
Bayern,SK Landshut,0,0,0,0,0,0,0,0,0,1,3,3,3,3,3,3,3,4,4,4,4,4,4,5,5,5,5,5,5,5
Bayern,SK Passau,0,0,0,0,0,0,0,1,1,1,1,1,2,2,3,3,3,5,5,8,10,10,10,10,10,13,13,14,14,15
Bayern,SK Straubing,0,0,0,0,0,0,0,0,1,1,1,1,3,5,5,5,5,5,9,9,10,10,10,10,13,14,16,17,18,22
Bayern,LK Deggendorf,0,0,0,0,0,0,0,2,2,3,3,4,4,4,4,4,4,4,4,4,4,4,5,5,6,6,6,8,9,9
Bayern,LK Freyung-Grafenau,0,0,0,0,0,1,1,1,1,1,1,2,2,2,2,3,3,5,5,6,6,6,6,6,7,8,8,8,8,8
Bayern,LK Kelheim,0,0,0,0,2,2,2,2,3,3,5,7,7,8,11,11,12,14,16,17,18,19,19,21,23,24,24,24,26,26
Bayern,LK Landshut,0,0,0,0,0,1,1,1,1,4,7,7,8,9,9,9,9,18,18,18,18,18,18,18,22,22,22,22,22,22
Bayern,LK Passau,0,0,0,0,0,0,0,1,1,2,3,3,7,7,7,7,7,8,10,9,9,9,9,10,11,12,12,13,13,16
Bayern,LK Regen,0,0,0,0,0,0,0,0,0,0,0,0,0,0,0,0,0,0,1,1,1,1,1,1,1,1,1,2,2,2
Bayern,LK Rottal-Inn,0,0,0,0,0,0,0,0,0,0,7,8,9,11,14,14,18,20,22,24,25,25,28,32,34,34,35,36,36,37
Bayern,LK Straubing-Bogen,0,0,0,0,0,0,0,0,0,1,3,5,6,7,7,7,7,7,9,9,9,9,9,9,11,11,11,11,12,12
Bayern,LK Dingolfing-Landau,0,0,0,0,0,0,0,0,0,0,1,1,1,1,1,1,1,2,1,1,1,1,1,1,1,2,2,2,2,2
Bayern,SK Amberg,0,0,0,0,0,0,0,0,0,1,1,1,1,1,1,1,2,2,2,2,2,2,2,2,2,2,3,3,3,3
Bayern,SK Regensburg,0,0,0,1,1,1,1,1,1,1,1,1,1,3,3,3,3,3,3,3,3,3,3,3,3,3,3,3,3,3
Bayern,SK Weiden i.d.OPf.,0,0,0,0,0,0,0,0,0,2,2,2,2,2,4,4,4,4,5,5,5,5,5,5,5,5,5,5,5,5
Bayern,LK Amberg-Sulzbach,0,1,2,2,2,2,3,3,3,3,3,3,3,3,3,3,3,3,3,3,4,4,4,8,12,18,20,20,20,20
Bayern,LK Cham,0,0,0,0,0,0,0,0,0,0,0,4,4,4,5,5,5,5,7,7,9,9,9,10,11,13,13,14,14,14
Bayern,LK Neumarkt i.d.OPf.,0,0,0,0,0,0,1,1,1,2,2,2,2,2,2,2,2,2,3,3,3,3,4,4,4,4,4,5,5,5
Bayern,LK Neustadt a.d.Waldnaab,0,0,0,2,2,2,3,2,3,6,8,9,10,10,13,16,16,16,19,19,22,22,23,23,23,23,28,31,32,32
Bayern,LK Regensburg,0,0,0,0,0,0,0,0,0,0,0,0,0,0,0,0,0,2,2,2,2,2,2,2,2,2,2,3,3,3
Bayern,LK Schwandorf,0,0,0,0,0,0,0,1,1,1,3,3,3,4,5,6,7,7,8,10,10,10,10,10,10,10,10,10,10,11
Bayern,LK Tirschenreuth,1,2,2,3,3,5,5,16,17,19,27,32,33,35,41,41,49,49,50,61,61,61,61,65,65,72,82,85,91,93
Bayern,SK Bamberg,0,0,0,0,0,0,0,0,0,0,0,0,0,0,0,1,1,1,2,2,2,3,3,3,6,6,6,6,7,11
Bayern,SK Bayreuth,0,0,0,0,0,0,0,1,1,1,1,1,1,1,1,1,1,3,3,3,4,4,4,4,4,4,4,4,4,4
Bayern,SK Coburg,0,0,0,0,0,0,0,0,0,0,0,0,0,0,0,0,0,0,0,0,0,0,0,0,0,0,0,0,0,0
Bayern,SK Hof,0,0,0,0,0,0,0,0,0,0,0,0,0,1,1,1,1,1,1,1,1,1,1,1,1,1,1,1,1,2
Bayern,LK Bamberg,0,0,0,0,0,1,1,1,1,3,4,6,6,6,6,10,11,13,13,18,19,20,20,20,22,22,26,26,27,27
Bayern,LK Bayreuth,0,0,0,0,1,1,1,2,2,2,2,2,2,2,3,3,3,4,4,4,4,5,5,6,6,6,6,7,7,7
Bayern,LK Coburg,0,0,0,0,0,0,0,0,0,0,1,1,1,1,1,1,1,1,1,1,1,1,1,1,1,1,2,2,4,4
Bayern,LK Forchheim,0,0,0,1,1,1,1,1,1,1,1,1,2,2,2,2,2,2,2,2,2,2,2,2,2,2,2,2,2,2
Bayern,LK Hof,0,0,0,0,0,0,0,0,0,0,0,0,0,1,1,3,3,4,5,6,8,10,10,13,15,15,15,16,16,17
Bayern,LK Kronach,0,0,0,0,0,0,0,0,0,0,0,0,0,0,0,0,0,0,0,0,1,1,1,1,1,1,1,1,1,1
Bayern,LK Kulmbach,0,0,0,0,0,0,0,0,0,1,1,1,2,2,2,2,2,4,4,4,4,5,5,6,6,6,6,6,6,6
Bayern,LK Lichtenfels,0,0,0,0,0,0,0,0,0,1,1,1,1,1,1,1,1,1,1,1,1,1,1,1,1,1,1,1,1,1
Bayern,LK Wunsiedel i.Fichtelgebirge,1,2,2,2,2,2,2,2,6,6,6,6,6,8,8,9,9,13,18,18,19,19,19,22,22,22,28,30,30,30
Bayern,SK Ansbach,0,0,0,0,0,0,0,0,0,0,0,0,0,0,0,0,1,1,0,1,1,1,1,1,3,3,3,3,3,3
Bayern,SK Erlangen,0,0,0,0,0,0,0,0,0,0,1,1,1,1,1,1,1,1,1,1,1,1,1,1,1,1,3,3,3,4
Bayern,SK Fürth,0,0,0,0,0,0,0,0,1,1,1,1,1,1,2,3,6,8,10,11,11,11,11,11,15,18,20,20,20,20
Bayern,SK Nürnberg,0,0,0,0,0,0,0,0,0,0,1,2,5,5,5,5,5,5,5,5,6,7,10,10,12,14,15,15,16,16
Bayern,SK Schwabach,0,0,0,0,0,0,0,0,0,0,0,0,0,0,0,0,0,0,0,0,0,0,0,0,0,0,1,1,1,1
Bayern,LK Ansbach,0,0,0,0,0,0,0,0,0,0,0,0,0,0,1,2,3,4,4,4,4,4,4,4,5,5,5,6,6,6
Bayern,LK Erlangen-Höchstadt,0,0,0,0,0,0,1,1,1,1,1,1,1,1,1,1,1,2,2,2,3,3,4,4,5,5,5,5,5,5
Bayern,LK Fürth,0,0,0,0,0,0,2,3,3,3,3,3,4,4,4,4,7,14,21,24,24,24,26,26,29,29,30,33,36,36
Bayern,LK Nürnberger Land,0,2,2,2,2,2,3,3,3,4,8,9,9,10,12,12,12,12,12,12,12,13,13,13,18,22,23,24,24,24
Bayern,LK Neustadt a.d.Aisch-Bad Windsheim,0,0,0,0,0,0,0,0,0,0,0,0,1,1,1,1,1,2,2,2,2,2,2,2,2,2,3,6,6,6
Bayern,LK Roth,0,0,0,0,0,0,0,1,1,1,1,1,1,1,3,3,3,3,3,3,4,4,4,5,6,6,7,7,7,7
Bayern,LK Weißenburg-Gunzenhausen,0,0,0,0,0,0,1,1,1,1,1,2,2,2,2,2,2,3,3,3,3,4,4,6,7,7,8,8,9,9
Bayern,SK Aschaffenburg,0,0,0,0,0,0,0,0,0,0,0,0,0,0,0,0,0,1,1,1,1,1,1,1,1,1,1,1,1,1
Bayern,SK Schweinfurt,0,0,0,0,0,0,0,2,2,4,5,5,5,6,7,7,8,8,8,9,10,10,10,10,11,12,14,14,16,16
Bayern,SK Würzburg,6,6,6,6,6,10,12,13,13,17,20,20,21,22,24,26,33,33,33,34,38,39,41,41,41,41,43,43,45,45
Bayern,LK Aschaffenburg,0,0,0,0,1,1,1,1,3,6,10,10,10,12,12,12,13,13,15,15,16,16,16,16,17,17,18,19,20,20
Bayern,LK Bad Kissingen,0,0,0,0,0,0,0,0,0,0,1,1,1,1,1,1,1,1,1,4,6,6,6,6,8,8,8,8,9,9
Bayern,LK Rhön-Grabfeld,0,0,0,0,0,0,0,0,0,0,0,0,0,0,0,0,0,0,0,0,2,2,2,2,2,2,3,3,3,3
Bayern,LK Haßberge,0,0,0,0,0,0,0,0,0,0,0,0,0,0,0,0,0,0,0,0,0,0,0,0,1,1,1,1,1,2
Bayern,LK Kitzingen,0,0,0,0,0,0,0,0,0,0,0,0,0,0,0,0,0,0,0,0,0,0,0,0,0,0,0,1,1,1
Bayern,LK Miltenberg,0,0,0,0,0,0,0,0,0,0,0,0,0,0,0,0,0,0,0,1,1,1,2,2,2,3,3,3,3,3
Bayern,LK Main-Spessart,0,0,0,0,1,1,1,1,1,1,1,1,1,2,2,2,2,2,3,2,2,2,3,3,3,3,3,5,5,5
Bayern,LK Schweinfurt,0,0,0,0,0,0,0,0,0,0,0,0,0,0,3,3,4,4,7,8,7,7,7,7,9,11,12,13,15,16
Bayern,LK Würzburg,3,3,3,4,4,1,0,0,0,0,0,0,0,0,0,0,0,1,1,1,2,2,2,2,2,3,3,3,5,5
Bayern,SK Augsburg,0,0,1,1,2,2,2,2,2,2,3,3,3,3,4,4,4,4,6,6,7,7,7,7,7,8,8,8,8,9
Bayern,SK Kaufbeuren,0,0,0,0,0,0,0,0,0,0,0,0,0,0,0,2,2,2,2,2,2,2,3,3,3,3,3,3,3,3
Bayern,SK Kempten (Allgäu),0,0,0,0,1,1,1,2,2,2,2,2,3,3,3,3,4,4,5,5,5,5,5,5,5,5,5,5,5,7
Bayern,SK Memmingen,0,0,0,0,0,0,0,0,0,0,0,0,0,0,0,0,0,0,0,0,0,0,0,0,0,0,0,0,0,0
Bayern,LK Aichach-Friedberg,0,0,0,0,0,0,0,1,1,1,1,3,3,3,3,5,5,7,8,8,9,10,10,12,12,12,15,15,16,16
Bayern,LK Augsburg,0,0,0,0,0,0,0,0,0,0,0,0,0,0,0,0,0,1,1,1,1,1,3,3,3,4,4,4,4,4
Bayern,LK Dillingen a.d.Donau,1,1,1,1,1,1,1,1,1,1,1,1,1,1,1,1,1,1,1,1,1,1,1,1,2,3,3,3,4,4
Bayern,LK Günzburg,0,0,0,0,0,0,0,0,0,0,0,0,0,1,1,1,1,1,1,1,1,2,2,2,2,2,2,2,2,2
Bayern,LK Neu-Ulm,1,1,1,1,1,1,1,1,1,1,1,1,2,2,2,3,3,3,4,5,5,7,7,7,7,7,8,8,12,13
Bayern,LK Lindau,0,0,0,0,1,1,1,1,1,1,1,1,2,2,3,4,4,4,4,4,4,4,4,5,5,5,5,5,5,5
Bayern,LK Ostallgäu,0,0,0,0,1,2,2,3,4,4,5,5,5,6,6,7,7,9,12,12,12,13,15,19,19,20,20,21,21,21
Bayern,LK Unterallgäu,0,0,0,0,0,0,0,0,0,0,0,0,0,0,0,1,1,1,1,1,1,1,1,2,2,3,3,3,4,4
Bayern,LK Donau-Ries,0,0,0,0,0,0,0,2,2,2,2,5,5,5,5,5,6,9,10,12,12,13,13,14,16,17,17,17,17,18
Bayern,LK Oberallgäu,2,2,2,2,1,1,1,1,1,1,3,3,3,3,3,3,3,3,3,3,3,4,4,4,4,5,6,6,6,6
Saarland,LK Stadtverband Saarbrücken,0,0,0,1,1,1,1,1,5,5,5,7,7,9,9,9,9,13,13,23,28,29,29,36,39,50,50,56,61,61
Saarland,LK Merzig-Wadern,0,0,0,0,0,0,0,0,0,0,0,0,1,1,1,1,1,1,1,1,1,1,1,1,1,1,1,1,1,1
Saarland,LK Neunkirchen,0,0,0,0,0,0,0,0,0,0,0,0,0,0,0,0,0,0,0,2,2,2,3,3,3,4,4,4,4,4
Saarland,LK Saarlouis,0,0,0,0,0,0,0,0,1,1,2,3,3,3,3,3,3,4,4,4,4,5,5,6,8,9,10,14,14,14
Saarland,LK Saar-Pfalz-Kreis,0,0,1,1,1,1,1,1,1,1,1,1,1,1,1,1,2,3,3,4,4,4,4,4,4,4,7,7,7,7
Saarland,LK Sankt Wendel,0,0,0,0,0,0,0,0,0,0,0,0,0,0,0,0,1,2,2,2,2,2,2,2,3,3,4,4,4,4
Brandenburg,SK Brandenburg a.d.Havel,0,0,0,0,0,0,0,0,0,0,0,0,0,0,0,0,0,0,0,0,0,0,0,0,0,0,0,0,0,0
Brandenburg,SK Cottbus,0,0,0,0,0,0,0,0,0,0,0,0,0,0,0,0,0,0,0,0,0,0,0,0,0,0,0,0,0,0
Brandenburg,SK Frankfurt (Oder),0,0,0,0,0,0,0,0,0,0,0,0,0,0,0,0,0,0,0,0,0,0,0,0,0,0,0,0,0,0
Brandenburg,SK Potsdam,0,0,0,0,0,0,0,0,1,1,3,3,3,4,6,6,6,6,10,13,13,14,14,14,14,21,24,24,25,25
Brandenburg,LK Barnim,0,0,0,0,0,0,0,0,0,0,0,0,0,0,2,2,2,2,2,3,3,3,3,4,4,7,7,8,11,11
Brandenburg,LK Dahme-Spreewald,0,0,0,0,0,0,0,0,0,0,0,0,1,1,2,2,2,3,3,3,3,3,3,3,4,4,4,4,4,4
Brandenburg,LK Elbe-Elster,0,0,0,0,0,0,0,0,0,0,0,1,1,1,1,1,1,2,1,1,1,1,1,2,2,2,2,2,2,2
Brandenburg,LK Havelland,0,0,0,0,0,0,0,0,0,0,0,0,0,0,0,1,1,1,3,4,4,4,4,4,4,4,4,5,5,5
Brandenburg,LK Märkisch-Oderland,0,0,0,0,0,0,0,0,0,0,0,0,0,0,0,0,0,0,0,0,0,0,0,0,0,0,0,0,0,0
Brandenburg,LK Oberhavel,0,0,0,1,1,1,1,1,1,1,1,1,1,1,1,1,1,2,2,2,2,2,2,2,2,2,4,4,4,4
Brandenburg,LK Oberspreewald-Lausitz,0,0,0,0,0,0,0,0,0,0,0,0,0,0,0,0,0,0,0,1,1,1,1,1,2,2,2,2,2,2
Brandenburg,LK Oder-Spree,0,0,0,0,0,0,0,0,0,0,0,0,0,0,0,0,0,0,0,0,0,0,0,0,0,0,0,0,0,0
Brandenburg,LK Ostprignitz-Ruppin,0,0,0,0,0,0,0,0,0,0,0,0,0,0,0,0,0,0,0,0,0,0,0,0,0,0,0,0,0,0
Brandenburg,LK Potsdam-Mittelmark,0,0,0,0,0,0,0,0,0,0,0,2,2,4,4,5,6,5,6,7,7,7,7,7,7,8,8,8,8,8
Brandenburg,LK Prignitz,0,0,0,0,0,0,0,0,0,0,0,0,0,0,0,0,0,0,0,0,0,0,0,0,0,0,0,0,0,0
Brandenburg,LK Spree-Neiße,0,0,0,0,0,0,0,0,0,0,0,0,0,0,0,0,0,0,0,0,0,0,0,0,0,0,0,0,0,0
Brandenburg,LK Teltow-Fläming,0,0,0,0,0,0,0,0,0,0,0,0,0,0,0,0,0,0,2,2,2,2,2,2,2,3,4,4,4,4
Brandenburg,LK Uckermark,0,0,0,0,0,0,0,0,0,0,0,0,1,1,1,1,1,1,1,1,1,1,1,1,1,1,1,1,1,1
Mecklenburg-Vorpommern,SK Rostock,0,0,0,0,0,0,0,0,0,0,0,0,0,0,0,0,0,1,1,1,1,1,1,1,1,1,1,1,1,1
Mecklenburg-Vorpommern,SK Schwerin,0,0,0,0,0,0,0,0,0,0,0,0,0,0,0,0,0,0,0,0,0,0,0,0,0,0,0,0,0,0
Mecklenburg-Vorpommern,LK Mecklenburgische Seenplatte,0,0,0,0,0,0,0,0,0,0,1,1,1,2,2,2,3,3,3,3,3,3,3,3,3,3,3,3,3,3
Mecklenburg-Vorpommern,LK Rostock,0,0,0,0,0,0,0,0,0,0,0,0,1,1,1,1,1,2,2,2,2,2,2,2,2,3,3,3,3,3
Mecklenburg-Vorpommern,LK Vorpommern-Rügen,0,0,0,0,0,0,0,0,0,0,0,0,0,0,0,0,1,2,2,2,2,2,2,2,2,2,2,2,2,2
Mecklenburg-Vorpommern,LK Nordwestmecklenburg,0,0,0,0,0,0,0,0,0,0,1,1,1,1,1,1,1,1,1,1,1,1,1,1,1,1,1,1,1,1
Mecklenburg-Vorpommern,LK Vorpommern-Greifswald,0,0,0,0,0,0,0,0,0,0,0,0,0,0,0,1,1,1,1,1,1,1,1,1,1,2,2,3,4,4
Mecklenburg-Vorpommern,LK Ludwigslust-Parchim,0,0,0,0,0,0,0,1,1,1,1,1,1,1,1,1,1,1,1,1,1,1,1,1,1,1,1,1,1,1
Sachsen,SK Chemnitz,0,0,0,0,0,0,0,0,0,0,0,0,0,0,2,2,2,3,3,3,3,3,3,3,3,3,3,3,3,3
Sachsen,LK Erzgebirgskreis,0,0,0,0,0,0,0,0,0,2,2,2,3,4,5,5,6,13,13,15,17,17,17,17,17,29,29,30,31,32
Sachsen,LK Mittelsachsen,0,0,0,0,0,0,0,0,0,0,1,1,1,1,1,1,1,1,1,1,1,1,1,1,1,2,2,2,2,2
Sachsen,LK Vogtlandkreis,0,0,0,0,0,0,1,1,1,1,1,1,1,1,1,1,1,1,1,1,1,1,1,1,1,2,3,3,4,4
Sachsen,LK Zwickau,0,0,0,3,3,3,3,3,3,3,6,6,6,6,9,9,12,12,14,18,18,18,18,18,18,21,20,22,22,22
Sachsen,SK Dresden,0,0,0,2,2,2,2,2,2,3,3,4,4,4,4,4,4,4,4,4,4,4,4,4,4,4,4,5,5,5
Sachsen,LK Bautzen,0,0,1,1,1,1,1,1,1,1,2,2,2,2,2,2,2,3,3,3,3,3,3,3,3,5,5,5,7,7
Sachsen,LK Görlitz,0,0,0,0,0,0,1,1,1,1,1,1,1,2,3,4,4,4,4,4,7,9,9,9,9,10,10,14,14,14
Sachsen,LK Meißen,0,0,0,0,1,1,1,1,1,1,1,1,3,3,3,3,3,4,4,5,5,5,6,8,10,10,10,10,10,10
Sachsen,LK Sächsische Schweiz-Osterzgebirge,0,0,0,0,0,0,0,0,0,0,0,0,0,0,0,0,0,0,0,0,1,1,1,1,1,1,1,1,1,2
Sachsen,SK Leipzig,0,0,0,0,0,0,0,0,0,0,0,0,0,1,1,1,1,1,1,1,1,1,1,1,2,3,4,4,4,4
Sachsen,LK Leipzig,0,0,0,0,0,0,0,0,0,0,0,0,0,0,1,2,2,4,4,4,4,4,4,4,4,4,4,4,4,4
Sachsen,LK Nordsachsen,0,0,0,0,0,0,0,0,0,0,0,0,0,0,0,0,0,0,0,0,0,0,0,0,0,0,0,0,0,0
Sachsen-Anhalt,SK Dessau-Roßlau,0,0,0,0,0,0,0,0,0,0,1,1,1,1,1,1,1,1,1,1,1,1,1,1,1,1,1,1,1,1
Sachsen-Anhalt,SK Halle,0,0,0,1,1,1,1,1,1,2,2,2,3,3,3,3,3,3,3,5,5,8,9,9,9,9,9,9,9,9
Sachsen-Anhalt,SK Magdeburg,0,0,0,0,0,0,0,0,0,1,1,1,1,1,1,1,1,1,1,1,1,1,1,1,1,1,1,1,1,1
Sachsen-Anhalt,LK Altmarkkreis Salzwedel,0,0,0,0,0,0,0,0,0,0,0,0,0,0,0,0,0,0,0,0,0,0,0,0,0,0,0,0,0,0
Sachsen-Anhalt,LK Anhalt-Bitterfeld,0,0,0,0,0,0,0,0,0,0,0,0,0,0,0,0,0,0,0,0,0,0,0,0,0,0,0,0,0,0
Sachsen-Anhalt,LK Börde,0,0,0,0,0,0,0,0,0,0,0,0,0,0,0,0,0,1,1,1,1,1,1,1,2,2,2,2,3,3
Sachsen-Anhalt,LK Burgenlandkreis,0,0,0,0,0,0,0,0,0,0,0,0,0,0,0,0,0,0,0,0,0,0,0,0,0,0,0,1,1,1
Sachsen-Anhalt,LK Harz,0,0,0,0,0,0,0,0,0,1,1,1,1,1,1,1,1,1,1,1,1,1,1,1,1,1,2,2,2,2
Sachsen-Anhalt,LK Jerichower Land,0,0,0,0,0,0,0,0,0,0,0,0,0,0,1,1,1,1,1,1,1,1,1,1,1,1,1,1,1,1
Sachsen-Anhalt,LK Mansfeld-Südharz,0,0,0,0,0,0,0,0,0,0,0,1,1,1,1,1,1,1,1,1,1,1,1,1,1,1,1,1,1,1
Sachsen-Anhalt,LK Saalekreis,0,0,0,0,0,0,0,0,0,0,0,0,1,1,1,1,1,2,2,2,2,2,3,3,3,3,4,4,4,4
Sachsen-Anhalt,LK Salzlandkreis,0,0,0,0,0,0,0,0,0,0,0,0,0,0,0,0,0,0,0,0,0,0,0,0,0,0,0,0,0,0
Sachsen-Anhalt,LK Stendal,0,0,0,0,0,1,1,1,1,1,1,1,2,2,2,2,2,2,2,2,2,2,3,4,4,4,4,4,4,4
Sachsen-Anhalt,LK Wittenberg,0,0,0,0,0,0,0,0,0,1,1,1,1,1,1,1,1,3,3,3,3,3,3,3,3,3,3,3,3,3
Thüringen,SK Erfurt,0,0,0,0,0,0,0,0,0,0,0,0,0,0,0,0,0,0,0,1,1,1,1,1,1,2,2,2,2,2
Thüringen,SK Gera,0,0,0,0,0,0,0,0,0,0,0,0,0,0,0,0,0,0,0,0,0,0,0,0,1,1,1,1,1,1
Thüringen,SK Jena,0,0,1,1,1,1,1,1,1,1,1,1,1,1,1,1,1,1,1,1,1,1,1,2,2,3,3,3,3,3
Thüringen,SK Suhl,0,0,0,0,0,0,0,0,0,0,0,0,0,0,0,0,0,0,0,1,1,1,1,1,2,2,2,2,2,2
Thüringen,SK Weimar,0,0,0,0,0,0,0,0,0,0,0,0,0,0,0,0,0,0,0,0,0,0,0,0,1,0,0,0,0,0
Thüringen,SK Eisenach,0,0,0,0,0,0,0,0,0,0,0,0,0,0,0,0,0,0,0,0,0,0,1,1,1,1,1,1,1,1
Thüringen,LK Eichsfeld,0,0,0,0,0,0,1,1,1,1,1,1,1,1,1,1,1,1,1,1,1,1,2,3,3,3,3,3,3,3
Thüringen,LK Nordhausen,0,0,0,0,0,0,0,0,0,0,0,0,0,0,0,0,0,0,0,0,0,0,0,0,0,0,1,1,1,1
Thüringen,LK Wartburgkreis,0,0,0,0,0,0,0,0,0,0,0,0,0,0,0,0,0,0,0,0,0,0,0,0,0,0,0,0,0,0
Thüringen,LK Unstrut-Hainich-Kreis,0,0,0,0,0,0,0,0,0,0,0,0,0,0,0,0,0,0,0,0,0,0,0,0,0,1,1,1,1,1
Thüringen,LK Kyffhäuserkreis,0,0,0,0,0,0,0,0,0,0,0,0,0,0,0,0,0,0,0,0,0,0,0,0,0,0,0,0,0,0
Thüringen,LK Schmalkalden-Meiningen,0,0,0,0,0,0,0,0,0,0,0,0,0,0,0,0,0,0,0,0,0,0,0,1,1,1,1,1,1,1
Thüringen,LK Gotha,0,0,0,0,0,0,0,0,0,0,0,0,0,0,0,0,1,1,1,1,1,1,1,1,2,3,3,3,3,3
Thüringen,LK Sömmerda,0,0,0,0,0,0,0,0,0,0,0,0,0,0,0,0,0,0,0,0,0,0,0,0,0,0,0,0,0,0
Thüringen,LK Hildburghausen,0,0,0,0,0,0,0,0,0,0,0,0,0,0,0,0,0,0,0,1,1,1,1,1,1,1,1,1,1,1
Thüringen,LK Ilm-Kreis,0,0,0,0,1,1,1,1,1,1,1,1,1,1,1,1,1,1,1,1,2,2,2,2,2,2,2,2,3,3
Thüringen,LK Weimarer Land,0,0,0,0,0,0,0,0,0,0,0,0,0,0,0,0,0,1,1,1,1,1,1,1,1,2,3,3,3,3
Thüringen,LK Sonneberg,0,0,0,0,0,0,0,0,0,0,0,1,1,1,1,1,1,1,1,1,1,1,1,1,1,1,1,1,1,1
Thüringen,LK Saalfeld-Rudolstadt,0,0,0,0,0,0,0,0,0,0,0,0,0,0,0,0,0,0,0,0,0,0,0,0,0,0,0,0,0,0
Thüringen,LK Saale-Holzland-Kreis,0,0,0,0,0,0,0,0,0,0,0,0,0,0,0,0,0,0,0,0,0,0,0,0,0,1,1,1,1,1
Thüringen,LK Saale-Orla-Kreis,0,0,0,0,0,0,0,0,0,0,0,0,0,1,1,2,2,3,3,3,3,3,3,3,5,7,7,8,8,8
Thüringen,LK Greiz,0,0,0,0,1,2,2,2,2,3,3,3,5,5,5,6,11,11,11,12,12,12,12,13,14,14,16,16,16,16
Thüringen,LK Altenburger Land,0,0,0,0,0,0,0,0,0,0,0,0,0,0,0,0,0,0,0,0,0,0,0,0,0,0,0,0,2,2
Berlin,SK Berlin Reinickendorf,1,1,1,1,1,1,1,1,1,3,4,5,5,5,5,6,7,8,8,10,11,13,13,15,15,16,17,18,18,19
Berlin,SK Berlin Charlottenburg-Wilmersdorf,0,0,0,0,0,1,1,1,1,1,2,2,2,3,4,4,4,4,5,5,6,6,6,6,8,9,13,14,15,15
Berlin,SK Berlin Treptow-Köpenick,0,0,0,0,0,0,0,0,0,0,0,0,0,0,0,0,0,0,0,1,1,1,1,1,1,1,2,2,2,2
Berlin,SK Berlin Pankow,0,0,0,0,0,0,0,0,0,0,0,0,0,1,1,1,1,2,3,3,3,3,3,3,3,5,5,6,6,6
Berlin,SK Berlin Neukölln,0,0,0,0,0,1,1,1,1,1,1,3,3,3,3,4,5,6,7,8,9,10,10,10,11,13,14,14,14,14
Berlin,SK Berlin Lichtenberg,0,0,0,1,1,2,2,2,2,2,2,2,2,2,2,2,2,2,2,2,2,2,2,2,3,3,4,5,5,5
Berlin,SK Berlin Marzahn-Hellersdorf,0,0,0,0,0,0,0,0,0,0,0,0,0,0,0,0,0,0,0,0,0,0,0,0,0,0,0,1,1,1
Berlin,SK Berlin Spandau,0,0,0,0,1,1,1,1,1,1,2,2,2,2,3,3,3,4,4,4,4,4,4,4,4,4,5,5,5,5
Berlin,SK Berlin Steglitz-Zehlendorf,0,0,0,0,0,0,0,0,0,0,0,0,0,0,0,0,0,0,0,1,1,2,2,2,2,3,3,3,3,4
Berlin,SK Berlin Mitte,0,0,0,0,0,0,0,0,0,0,0,0,0,0,0,0,0,0,0,0,0,0,0,1,2,4,5,6,6,6
Berlin,SK Berlin Friedrichshain-Kreuzberg,0,0,0,0,1,1,1,1,2,2,2,2,3,3,3,3,3,3,3,3,4,4,4,4,4,4,4,4,4,4
Berlin,SK Berlin Tempelhof-Schöneberg,0,0,0,0,0,1,1,2,3,3,3,3,3,3,3,3,3,3,5,5,5,5,6,8,9,12,12,13,13,13
